{"stats": {"strength": {"expression": "floor ((strength-score - 10) / 2)", "type": "ability", "value": 8, "section": "abilities", "roll": "strength check: {1d20 + strength}"}, "strength-score": {"parent": "strength", "value": 27, "type": "number", "hidden": true}, "strength-save": {"expression": "strength + (strength-save-proficiency ? proficiency : 0)", "value": 8, "type": "saving-throw", "section": "saving-throws", "roll": "STR save: {1d20 + strength-save}"}, "strength-save-proficiency": {"parent": "strength-save", "value": false, "type": "checkbox", "hidden": true}, "dexterity": {"expression": "floor ((dexterity-score - 10) / 2)", "type": "ability", "value": 1, "section": "abilities", "roll": "dexterity check: {1d20 + dexterity}"}, "dexterity-score": {"parent": "dexterity", "value": 12, "type": "number", "hidden": true}, "dexterity-save": {"expression": "dexterity + (dexterity-save-proficiency ? proficiency : 0)", "value": 8, "type": "saving-throw", "section": "saving-throws", "roll": "DEX save: {1d20 + dexterity-save}"}, "dexterity-save-proficiency": {"parent": "dexterity-save", "value": true, "type": "checkbox", "hidden": true}, "constitution": {"expression": "floor ((constitution-score - 10) / 2)", "type": "ability", "value": 7, "section": "abilities", "roll": "constitution check: {1d20 + constitution}"}, "constitution-score": {"parent": "constitution", "value": 25, "type": "number", "hidden": true}, "constitution-save": {"expression": "constitution + (constitution-save-proficiency ? proficiency : 0)", "value": 14, "type": "saving-throw", "section": "saving-throws", "roll": "CON save: {1d20 + constitution-save}"}, "constitution-save-proficiency": {"parent": "constitution-save", "value": true, "type": "checkbox", "hidden": true}, "intelligence": {"expression": "floor ((intelligence-score - 10) / 2)", "type": "ability", "value": 5, "section": "abilities", "roll": "intelligence check: {1d20 + intelligence}"}, "intelligence-score": {"parent": "intelligence", "value": 20, "type": "number", "hidden": true}, "intelligence-save": {"expression": "intelligence + (intelligence-save-proficiency ? proficiency : 0)", "value": 5, "type": "saving-throw", "section": "saving-throws", "roll": "INT save: {1d20 + intelligence-save}"}, "intelligence-save-proficiency": {"parent": "intelligence-save", "value": false, "type": "checkbox", "hidden": true}, "wisdom": {"expression": "floor ((wisdom-score - 10) / 2)", "type": "ability", "value": 3, "section": "abilities", "roll": "wisdom check: {1d20 + wisdom}"}, "wisdom-score": {"parent": "wisdom", "value": 17, "type": "number", "hidden": true}, "wisdom-save": {"expression": "wisdom + (wisdom-save-proficiency ? proficiency : 0)", "value": 10, "type": "saving-throw", "section": "saving-throws", "roll": "WIS save: {1d20 + wisdom-save}"}, "wisdom-save-proficiency": {"parent": "wisdom-save", "value": true, "type": "checkbox", "hidden": true}, "charisma": {"expression": "floor ((charisma-score - 10) / 2)", "type": "ability", "value": 4, "section": "abilities", "roll": "charisma check: {1d20 + charisma}"}, "charisma-score": {"parent": "charisma", "value": 19, "type": "number", "hidden": true}, "charisma-save": {"expression": "charisma + (charisma-save-proficiency ? proficiency : 0)", "value": 11, "type": "saving-throw", "section": "saving-throws", "roll": "CHA save: {1d20 + charisma-save}"}, "charisma-save-proficiency": {"parent": "charisma-save", "value": true, "type": "checkbox", "hidden": true}, "athletics": {"expression": "dexterity + (athletics-expertise ? proficiency*2 : athletics-proficiency ? proficiency : jack-of-all-trades ? (floor (proficiency / 2)) : 0)", "value": 1, "subtitle": "dex", "type": "skill", "section": "skills", "roll": "Athletics check: {1d20 + athletics}"}, "athletics-proficiency": {"value": false, "type": "checkbox", "hidden": true, "parent": "athletics"}, "athletics-expertise": {"value": false, "type": "checkbox", "hidden": true, "parent": "athletics"}, "acrobatics": {"expression": "dexterity + (acrobatics-expertise ? proficiency*2 : acrobatics-proficiency ? proficiency : jack-of-all-trades ? (floor (proficiency / 2)) : 0)", "value": 1, "subtitle": "dex", "type": "skill", "section": "skills", "roll": "Acrobatics check: {1d20 + acrobatics}"}, "acrobatics-proficiency": {"value": false, "type": "checkbox", "hidden": true, "parent": "acrobatics"}, "acrobatics-expertise": {"value": false, "type": "checkbox", "hidden": true, "parent": "acrobatics"}, "sleight-of-hand": {"expression": "dexterity + (sleight-of-hand-expertise ? proficiency*2 : sleight-of-hand-proficiency ? proficiency : jack-of-all-trades ? (floor (proficiency / 2)) : 0)", "value": 1, "subtitle": "dex", "type": "skill", "section": "skills", "roll": "Sleight-of-hand check: {1d20 + sleight-of-hand}"}, "sleight-of-hand-proficiency": {"value": false, "type": "checkbox", "hidden": true, "parent": "sleight-of-hand"}, "sleight-of-hand-expertise": {"value": false, "type": "checkbox", "hidden": true, "parent": "sleight-of-hand"}, "stealth": {"expression": "dexterity + (stealth-expertise ? proficiency*2 : stealth-proficiency ? proficiency : jack-of-all-trades ? (floor (proficiency / 2)) : 0)", "value": 8, "subtitle": "dex", "type": "skill", "section": "skills", "roll": "Stealth check: {1d20 + stealth}"}, "stealth-proficiency": {"value": true, "type": "checkbox", "hidden": true, "parent": "stealth"}, "stealth-expertise": {"value": false, "type": "checkbox", "hidden": true, "parent": "stealth"}, "arcana": {"expression": "intelligence + (arcana-expertise ? proficiency*2 : arcana-proficiency ? proficiency : jack-of-all-trades ? (floor (proficiency / 2)) : 0)", "value": 5, "subtitle": "int", "type": "skill", "section": "skills", "roll": "Arcana check: {1d20 + arcana}"}, "arcana-proficiency": {"value": false, "type": "checkbox", "hidden": true, "parent": "arcana"}, "arcana-expertise": {"value": false, "type": "checkbox", "hidden": true, "parent": "arcana"}, "history": {"expression": "intelligence + (history-expertise ? proficiency*2 : history-proficiency ? proficiency : jack-of-all-trades ? (floor (proficiency / 2)) : 0)", "value": 5, "subtitle": "int", "type": "skill", "section": "skills", "roll": "History check: {1d20 + history}"}, "history-proficiency": {"value": false, "type": "checkbox", "hidden": true, "parent": "history"}, "history-expertise": {"value": false, "type": "checkbox", "hidden": true, "parent": "history"}, "investigation": {"expression": "intelligence + (investigation-expertise ? proficiency*2 : investigation-proficiency ? proficiency : jack-of-all-trades ? (floor (proficiency / 2)) : 0)", "value": 5, "subtitle": "int", "type": "skill", "section": "skills", "roll": "Investigation check: {1d20 + investigation}"}, "investigation-proficiency": {"value": false, "type": "checkbox", "hidden": true, "parent": "investigation"}, "investigation-expertise": {"value": false, "type": "checkbox", "hidden": true, "parent": "investigation"}, "nature": {"expression": "intelligence + (nature-expertise ? proficiency*2 : nature-proficiency ? proficiency : jack-of-all-trades ? (floor (proficiency / 2)) : 0)", "value": 5, "subtitle": "int", "type": "skill", "section": "skills", "roll": "Nature check: {1d20 + nature}"}, "nature-proficiency": {"value": false, "type": "checkbox", "hidden": true, "parent": "nature"}, "nature-expertise": {"value": false, "type": "checkbox", "hidden": true, "parent": "nature"}, "religion": {"expression": "intelligence + (religion-expertise ? proficiency*2 : religion-proficiency ? proficiency : jack-of-all-trades ? (floor (proficiency / 2)) : 0)", "value": 5, "subtitle": "int", "type": "skill", "section": "skills", "roll": "Religion check: {1d20 + religion}"}, "religion-proficiency": {"value": false, "type": "checkbox", "hidden": true, "parent": "religion"}, "religion-expertise": {"value": false, "type": "checkbox", "hidden": true, "parent": "religion"}, "animal-handling": {"expression": "wisdom + (animal-handling-expertise ? proficiency*2 : animal-handling-proficiency ? proficiency : jack-of-all-trades ? (floor (proficiency / 2)) : 0)", "value": 3, "subtitle": "wis", "type": "skill", "section": "skills", "roll": "Animal-handling check: {1d20 + animal-handling}"}, "animal-handling-proficiency": {"value": false, "type": "checkbox", "hidden": true, "parent": "animal-handling"}, "animal-handling-expertise": {"value": false, "type": "checkbox", "hidden": true, "parent": "animal-handling"}, "insight": {"expression": "wisdom + (insight-expertise ? proficiency*2 : insight-proficiency ? proficiency : jack-of-all-trades ? (floor (proficiency / 2)) : 0)", "value": 3, "subtitle": "wis", "type": "skill", "section": "skills", "roll": "Insight check: {1d20 + insight}"}, "insight-proficiency": {"value": false, "type": "checkbox", "hidden": true, "parent": "insight"}, "insight-expertise": {"value": false, "type": "checkbox", "hidden": true, "parent": "insight"}, "medicine": {"expression": "wisdom + (medicine-expertise ? proficiency*2 : medicine-proficiency ? proficiency : jack-of-all-trades ? (floor (proficiency / 2)) : 0)", "value": 3, "subtitle": "wis", "type": "skill", "section": "skills", "roll": "Medicine check: {1d20 + medicine}"}, "medicine-proficiency": {"value": false, "type": "checkbox", "hidden": true, "parent": "medicine"}, "medicine-expertise": {"value": false, "type": "checkbox", "hidden": true, "parent": "medicine"}, "perception": {"expression": "wisdom + (perception-expertise ? proficiency*2 : perception-proficiency ? proficiency : jack-of-all-trades ? (floor (proficiency / 2)) : 0)", "value": 17, "subtitle": "wis", "type": "skill", "section": "skills", "roll": "Perception check: {1d20 + perception}"}, "perception-proficiency": {"value": true, "type": "checkbox", "hidden": true, "parent": "perception"}, "perception-expertise": {"value": true, "type": "checkbox", "hidden": true, "parent": "perception"}, "survival": {"expression": "wisdom + (survival-expertise ? proficiency*2 : survival-proficiency ? proficiency : jack-of-all-trades ? (floor (proficiency / 2)) : 0)", "value": 3, "subtitle": "wis", "type": "skill", "section": "skills", "roll": "Survival check: {1d20 + survival}"}, "survival-proficiency": {"value": false, "type": "checkbox", "hidden": true, "parent": "survival"}, "survival-expertise": {"value": false, "type": "checkbox", "hidden": true, "parent": "survival"}, "deception": {"expression": "charisma + (deception-expertise ? proficiency*2 : deception-proficiency ? proficiency : jack-of-all-trades ? (floor (proficiency / 2)) : 0)", "value": 11, "subtitle": "cha", "type": "skill", "section": "skills", "roll": "Deception check: {1d20 + deception}"}, "deception-proficiency": {"value": true, "type": "checkbox", "hidden": true, "parent": "deception"}, "deception-expertise": {"value": false, "type": "checkbox", "hidden": true, "parent": "deception"}, "intimidation": {"expression": "charisma + (intimidation-expertise ? proficiency*2 : intimidation-proficiency ? proficiency : jack-of-all-trades ? (floor (proficiency / 2)) : 0)", "value": 4, "subtitle": "cha", "type": "skill", "section": "skills", "roll": "Intimidation check: {1d20 + intimidation}"}, "intimidation-proficiency": {"value": false, "type": "checkbox", "hidden": true, "parent": "intimidation"}, "intimidation-expertise": {"value": false, "type": "checkbox", "hidden": true, "parent": "intimidation"}, "performance": {"expression": "charisma + (performance-expertise ? proficiency*2 : performance-proficiency ? proficiency : jack-of-all-trades ? (floor (proficiency / 2)) : 0)", "value": 4, "subtitle": "cha", "type": "skill", "section": "skills", "roll": "Performance check: {1d20 + performance}"}, "performance-proficiency": {"value": false, "type": "checkbox", "hidden": true, "parent": "performance"}, "performance-expertise": {"value": false, "type": "checkbox", "hidden": true, "parent": "performance"}, "persuasion": {"expression": "charisma + (persuasion-expertise ? proficiency*2 : persuasion-proficiency ? proficiency : jack-of-all-trades ? (floor (proficiency / 2)) : 0)", "value": 4, "subtitle": "cha", "type": "skill", "section": "skills", "roll": "Persuasion check: {1d20 + persuasion}"}, "persuasion-proficiency": {"value": false, "type": "checkbox", "hidden": true, "parent": "persuasion"}, "persuasion-expertise": {"value": false, "type": "checkbox", "hidden": true, "parent": "persuasion"}, "jack-of-all-trades": {"value": false, "type": "checkbox", "section": "skills"}, "dark-vision": {"value": 120, "type": "number", "section": "senses"}, "passive-perception": {"value": 27, "type": "number", "section": "senses", "expression": "10 + perception"}, "passive-insight": {"value": 13, "type": "number", "section": "senses", "expression": "10 + insight"}, "passive-stealth": {"value": 18, "type": "number", "section": "senses", "expression": "10 + stealth"}, "spell-slots-used": {"type": "checkboxes", "max": 0, "value": 0, "section": "spells"}, "spell-slots-used-max": {"type": "number", "value": 0, "parent": "spell-slots-used", "hidden": true}, "level": {"value": 21, "section": "info", "type": "number"}, "hit-points-maximum": {"value": 350, "section": "info", "type": "number", "hidden": true, "parent": "hit-points", "local": true}, "hit-points": {"value": 350, "section": "info", "type": "health", "local": true}, "hit-points-temporary": {"value": 0, "section": "info", "type": "number", "local": true, "hidden": true, "parent": "hit-points"}, "armor-class": {"value": 21, "section": "info", "type": "number"}, "immune-to": {"value": "acid", "section": "info", "type": "text"}, "roll-hp": {"value": "20d20+140", "section": "info", "type": "text", "roll": "{roll-hp = 20d20+140} {hit-points-maximum = roll-hp} {hit-points = hit-points-maximum} !hr"}, "size": {"value": "Gargantuan", "section": "info", "type": "text"}, "monster-type": {"value": "dragon", "section": "info", "type": "text"}, "alignment": {"value": "chaotic good", "section": "info", "type": "text"}, "walk-speed": {"value": 40, "section": "info", "type": "number"}, "climb-speed": {"value": 40, "section": "info", "type": "number"}, "fly-speed": {"value": 80, "section": "info", "type": "number"}, "proficiency": {"value": 7, "expression": "2+floor(level/4)", "section": "info", "type": "number"}, "initiative": {"value": 1, "section": "info", "type": "number", "roll": "!r initiative = 1d20 + initiative"}}, "info": {"description": "<p>Ancient Copper Dragon</p>", "notes": "<p><b>Senses:</b> blindsight 60 ft., darkvision 120 ft., passive Perception 27</p><p><b>Languages:</b> Common, Draconic</p><p><b>CR:</b> 21</p><p><b>Condition Immunities:</b> </p>", "sections": [{"name": "abilities", "position": "left", "tab": 1}, {"name": "info", "position": "left", "tab": 1}, {"name": "details", "position": "left", "tab": 3}, {"name": "saving-throws", "position": "right", "tab": 2}, {"name": "senses", "position": "right", "tab": 2}, {"name": "skills", "position": "right", "tab": 2}, {"name": "actions", "position": "bottom", "tab": 4, "savedMessages": true}, {"name": "spells", "position": "bottom", "tab": 4, "savedMessages": true}]}, "appearances": ["https://5e.tools/img/MM/Ancient%20Copper%20Dragon.png"], "savedMessages": [{"name": "Multiattack", "message": "The dragon can use its Frightful Presence. It then makes three attacks: one with its bite and two with its claws.", "section": "actions"}, {"name": "Bite", "message": "Bite, melee weapon attack: {1d20 + 15} to hit, {2d10 + 8} (average 19) piercing damage.", "section": "actions"}, {"name": "Claw", "message": "Claw, melee weapon attack: {1d20 + 15} to hit, {2d6 + 8} (average 15) slashing damage.", "section": "actions"}, {"name": "Tail", "message": "Tail, melee weapon attack: {1d20 + 15} to hit, {2d8 + 8} (average 17) bludgeoning damage.", "section": "actions"}, {"name": "Frightful Presence", "message": "Each creature of the dragon's choice that is within 120 feet of the dragon and aware of it must succeed on a DC 19 Wisdom saving throw or become frightened for 1 minute. A creature can repeat the saving throw at the end of each of its turns, ending the effect on itself on a success. If a creature's saving throw is successful or the effect ends for it, the creature is immune to the dragon's Frightful Presence for the next 24 hours.", "section": "actions"}, {"name": "Breath Weapons (Recharge 5-6)", "message": "The dragon uses one of the following breath weapons. **Acid Breath.** The dragon exhales acid in an 90-foot line that is 10 feet wide. Each creature in that line must make a DC 22 Dexterity saving throw, taking 63 (14d8) acid damage on a failed save, or half as much damage on a successful one. **Slowing Breath.** The dragon exhales gas in a 90-foot cone. Each creature in that area must succeed on a DC 22 Constitution saving throw. On a failed save, the creature can't use reactions, its speed is halved, and it can't make more than one attack on its turn. In addition, the creature can use either an action or a bonus action on its turn, but not both. These effects last for 1 minute. The creature can repeat the saving throw at the end of each of its turns, ending the effect on itself with a successful save.", "section": "actions"}, {"name": "Change Shape", "message": "The dragon magically polymorphs into a humanoid or beast that has a challenge rating no higher than its own, or back into its true form. It reverts to its true form if it dies. Any equipment it is wearing or carrying is absorbed or borne by the new form (the dragon's choice). In a new form, the dragon retains its alignment, hit points, Hit Dice, ability to speak, proficiencies, Legendary Resistance, lair actions, and Intelligence, Wisdom, and Charisma scores, as well as this action. Its statistics and capabilities are otherwise replaced by those of the new form, except any class features or legendary actions of that form.", "section": "actions"}]}