{"stats": {"strength": {"expression": "floor ((strength-score - 10) / 2)", "type": "ability", "value": 0, "section": "abilities", "roll": "strength check: {1d20 + strength}"}, "strength-score": {"parent": "strength", "value": 11, "type": "number", "hidden": true}, "strength-save": {"expression": "strength + (strength-save-proficiency ? proficiency : 0)", "value": 0, "type": "saving-throw", "section": "saving-throws", "roll": "STR save: {1d20 + strength-save}"}, "strength-save-proficiency": {"parent": "strength-save", "value": false, "type": "checkbox", "hidden": true}, "dexterity": {"expression": "floor ((dexterity-score - 10) / 2)", "type": "ability", "value": 0, "section": "abilities", "roll": "dexterity check: {1d20 + dexterity}"}, "dexterity-score": {"parent": "dexterity", "value": 11, "type": "number", "hidden": true}, "dexterity-save": {"expression": "dexterity + (dexterity-save-proficiency ? proficiency : 0)", "value": 0, "type": "saving-throw", "section": "saving-throws", "roll": "DEX save: {1d20 + dexterity-save}"}, "dexterity-save-proficiency": {"parent": "dexterity-save", "value": false, "type": "checkbox", "hidden": true}, "constitution": {"expression": "floor ((constitution-score - 10) / 2)", "type": "ability", "value": 1, "section": "abilities", "roll": "constitution check: {1d20 + constitution}"}, "constitution-score": {"parent": "constitution", "value": 12, "type": "number", "hidden": true}, "constitution-save": {"expression": "constitution + (constitution-save-proficiency ? proficiency : 0)", "value": 1, "type": "saving-throw", "section": "saving-throws", "roll": "CON save: {1d20 + constitution-save}"}, "constitution-save-proficiency": {"parent": "constitution-save", "value": false, "type": "checkbox", "hidden": true}, "intelligence": {"expression": "floor ((intelligence-score - 10) / 2)", "type": "ability", "value": -3, "section": "abilities", "roll": "intelligence check: {1d20 + intelligence}"}, "intelligence-score": {"parent": "intelligence", "value": 5, "type": "number", "hidden": true}, "intelligence-save": {"expression": "intelligence + (intelligence-save-proficiency ? proficiency : 0)", "value": -3, "type": "saving-throw", "section": "saving-throws", "roll": "INT save: {1d20 + intelligence-save}"}, "intelligence-save-proficiency": {"parent": "intelligence-save", "value": false, "type": "checkbox", "hidden": true}, "wisdom": {"expression": "floor ((wisdom-score - 10) / 2)", "type": "ability", "value": -1, "section": "abilities", "roll": "wisdom check: {1d20 + wisdom}"}, "wisdom-score": {"parent": "wisdom", "value": 8, "type": "number", "hidden": true}, "wisdom-save": {"expression": "wisdom + (wisdom-save-proficiency ? proficiency : 0)", "value": -1, "type": "saving-throw", "section": "saving-throws", "roll": "WIS save: {1d20 + wisdom-save}"}, "wisdom-save-proficiency": {"parent": "wisdom-save", "value": false, "type": "checkbox", "hidden": true}, "charisma": {"expression": "floor ((charisma-score - 10) / 2)", "type": "ability", "value": -4, "section": "abilities", "roll": "charisma check: {1d20 + charisma}"}, "charisma-score": {"parent": "charisma", "value": 3, "type": "number", "hidden": true}, "charisma-save": {"expression": "charisma + (charisma-save-proficiency ? proficiency : 0)", "value": -4, "type": "saving-throw", "section": "saving-throws", "roll": "CHA save: {1d20 + charisma-save}"}, "charisma-save-proficiency": {"parent": "charisma-save", "value": false, "type": "checkbox", "hidden": true}, "athletics": {"expression": "dexterity + (athletics-proficiency ? proficiency : jack-of-all-trades ? (floor (proficiency / 2)) : 0) + (athletics-expertise ? proficiency : 0)", "value": 0, "subtitle": "dex", "type": "skill", "section": "skills", "roll": "Athletics check: {1d20 + athletics}"}, "athletics-proficiency": {"value": false, "type": "checkbox", "hidden": true, "parent": "athletics"}, "athletics-expertise": {"value": false, "type": "checkbox", "hidden": true, "parent": "athletics"}, "acrobatics": {"expression": "dexterity + (acrobatics-proficiency ? proficiency : jack-of-all-trades ? (floor (proficiency / 2)) : 0) + (acrobatics-expertise ? proficiency : 0)", "value": 0, "subtitle": "dex", "type": "skill", "section": "skills", "roll": "Acrobatics check: {1d20 + acrobatics}"}, "acrobatics-proficiency": {"value": false, "type": "checkbox", "hidden": true, "parent": "acrobatics"}, "acrobatics-expertise": {"value": false, "type": "checkbox", "hidden": true, "parent": "acrobatics"}, "sleight-of-hand": {"expression": "dexterity + (sleight-of-hand-proficiency ? proficiency : jack-of-all-trades ? (floor (proficiency / 2)) : 0) + (sleight-of-hand-expertise ? proficiency : 0)", "value": 0, "subtitle": "dex", "type": "skill", "section": "skills", "roll": "Sleight-of-hand check: {1d20 + sleight-of-hand}"}, "sleight-of-hand-proficiency": {"value": false, "type": "checkbox", "hidden": true, "parent": "sleight-of-hand"}, "sleight-of-hand-expertise": {"value": false, "type": "checkbox", "hidden": true, "parent": "sleight-of-hand"}, "stealth": {"expression": "dexterity + (stealth-proficiency ? proficiency : jack-of-all-trades ? (floor (proficiency / 2)) : 0) + (stealth-expertise ? proficiency : 0)", "value": 0, "subtitle": "dex", "type": "skill", "section": "skills", "roll": "Stealth check: {1d20 + stealth}"}, "stealth-proficiency": {"value": false, "type": "checkbox", "hidden": true, "parent": "stealth"}, "stealth-expertise": {"value": false, "type": "checkbox", "hidden": true, "parent": "stealth"}, "arcana": {"expression": "intelligence + (arcana-proficiency ? proficiency : jack-of-all-trades ? (floor (proficiency / 2)) : 0) + (arcana-expertise ? proficiency : 0)", "value": -3, "subtitle": "int", "type": "skill", "section": "skills", "roll": "Arcana check: {1d20 + arcana}"}, "arcana-proficiency": {"value": false, "type": "checkbox", "hidden": true, "parent": "arcana"}, "arcana-expertise": {"value": false, "type": "checkbox", "hidden": true, "parent": "arcana"}, "history": {"expression": "intelligence + (history-proficiency ? proficiency : jack-of-all-trades ? (floor (proficiency / 2)) : 0) + (history-expertise ? proficiency : 0)", "value": -3, "subtitle": "int", "type": "skill", "section": "skills", "roll": "History check: {1d20 + history}"}, "history-proficiency": {"value": false, "type": "checkbox", "hidden": true, "parent": "history"}, "history-expertise": {"value": false, "type": "checkbox", "hidden": true, "parent": "history"}, "investigation": {"expression": "intelligence + (investigation-proficiency ? proficiency : jack-of-all-trades ? (floor (proficiency / 2)) : 0) + (investigation-expertise ? proficiency : 0)", "value": -3, "subtitle": "int", "type": "skill", "section": "skills", "roll": "Investigation check: {1d20 + investigation}"}, "investigation-proficiency": {"value": false, "type": "checkbox", "hidden": true, "parent": "investigation"}, "investigation-expertise": {"value": false, "type": "checkbox", "hidden": true, "parent": "investigation"}, "nature": {"expression": "intelligence + (nature-proficiency ? proficiency : jack-of-all-trades ? (floor (proficiency / 2)) : 0) + (nature-expertise ? proficiency : 0)", "value": -3, "subtitle": "int", "type": "skill", "section": "skills", "roll": "Nature check: {1d20 + nature}"}, "nature-proficiency": {"value": false, "type": "checkbox", "hidden": true, "parent": "nature"}, "nature-expertise": {"value": false, "type": "checkbox", "hidden": true, "parent": "nature"}, "religion": {"expression": "intelligence + (religion-proficiency ? proficiency : jack-of-all-trades ? (floor (proficiency / 2)) : 0) + (religion-expertise ? proficiency : 0)", "value": -3, "subtitle": "int", "type": "skill", "section": "skills", "roll": "Religion check: {1d20 + religion}"}, "religion-proficiency": {"value": false, "type": "checkbox", "hidden": true, "parent": "religion"}, "religion-expertise": {"value": false, "type": "checkbox", "hidden": true, "parent": "religion"}, "animal-handling": {"expression": "wisdom + (animal-handling-proficiency ? proficiency : jack-of-all-trades ? (floor (proficiency / 2)) : 0) + (animal-handling-expertise ? proficiency : 0)", "value": -1, "subtitle": "wis", "type": "skill", "section": "skills", "roll": "Animal-handling check: {1d20 + animal-handling}"}, "animal-handling-proficiency": {"value": false, "type": "checkbox", "hidden": true, "parent": "animal-handling"}, "animal-handling-expertise": {"value": false, "type": "checkbox", "hidden": true, "parent": "animal-handling"}, "insight": {"expression": "wisdom + (insight-proficiency ? proficiency : jack-of-all-trades ? (floor (proficiency / 2)) : 0) + (insight-expertise ? proficiency : 0)", "value": -1, "subtitle": "wis", "type": "skill", "section": "skills", "roll": "Insight check: {1d20 + insight}"}, "insight-proficiency": {"value": false, "type": "checkbox", "hidden": true, "parent": "insight"}, "insight-expertise": {"value": false, "type": "checkbox", "hidden": true, "parent": "insight"}, "medicine": {"expression": "wisdom + (medicine-proficiency ? proficiency : jack-of-all-trades ? (floor (proficiency / 2)) : 0) + (medicine-expertise ? proficiency : 0)", "value": -1, "subtitle": "wis", "type": "skill", "section": "skills", "roll": "Medicine check: {1d20 + medicine}"}, "medicine-proficiency": {"value": false, "type": "checkbox", "hidden": true, "parent": "medicine"}, "medicine-expertise": {"value": false, "type": "checkbox", "hidden": true, "parent": "medicine"}, "perception": {"expression": "wisdom + (perception-proficiency ? proficiency : jack-of-all-trades ? (floor (proficiency / 2)) : 0) + (perception-expertise ? proficiency : 0)", "value": -1, "subtitle": "wis", "type": "skill", "section": "skills", "roll": "Perception check: {1d20 + perception}"}, "perception-proficiency": {"value": false, "type": "checkbox", "hidden": true, "parent": "perception"}, "perception-expertise": {"value": false, "type": "checkbox", "hidden": true, "parent": "perception"}, "survival": {"expression": "wisdom + (survival-proficiency ? proficiency : jack-of-all-trades ? (floor (proficiency / 2)) : 0) + (survival-expertise ? proficiency : 0)", "value": -1, "subtitle": "wis", "type": "skill", "section": "skills", "roll": "Survival check: {1d20 + survival}"}, "survival-proficiency": {"value": false, "type": "checkbox", "hidden": true, "parent": "survival"}, "survival-expertise": {"value": false, "type": "checkbox", "hidden": true, "parent": "survival"}, "deception": {"expression": "charisma + (deception-proficiency ? proficiency : jack-of-all-trades ? (floor (proficiency / 2)) : 0) + (deception-expertise ? proficiency : 0)", "value": -4, "subtitle": "cha", "type": "skill", "section": "skills", "roll": "Deception check: {1d20 + deception}"}, "deception-proficiency": {"value": false, "type": "checkbox", "hidden": true, "parent": "deception"}, "deception-expertise": {"value": false, "type": "checkbox", "hidden": true, "parent": "deception"}, "intimidation": {"expression": "charisma + (intimidation-proficiency ? proficiency : jack-of-all-trades ? (floor (proficiency / 2)) : 0) + (intimidation-expertise ? proficiency : 0)", "value": -4, "subtitle": "cha", "type": "skill", "section": "skills", "roll": "Intimidation check: {1d20 + intimidation}"}, "intimidation-proficiency": {"value": false, "type": "checkbox", "hidden": true, "parent": "intimidation"}, "intimidation-expertise": {"value": false, "type": "checkbox", "hidden": true, "parent": "intimidation"}, "performance": {"expression": "charisma + (performance-proficiency ? proficiency : jack-of-all-trades ? (floor (proficiency / 2)) : 0) + (performance-expertise ? proficiency : 0)", "value": -4, "subtitle": "cha", "type": "skill", "section": "skills", "roll": "Performance check: {1d20 + performance}"}, "performance-proficiency": {"value": false, "type": "checkbox", "hidden": true, "parent": "performance"}, "performance-expertise": {"value": false, "type": "checkbox", "hidden": true, "parent": "performance"}, "persuasion": {"expression": "charisma + (persuasion-proficiency ? proficiency : jack-of-all-trades ? (floor (proficiency / 2)) : 0) + (persuasion-expertise ? proficiency : 0)", "value": -4, "subtitle": "cha", "type": "skill", "section": "skills", "roll": "Persuasion check: {1d20 + persuasion}"}, "persuasion-proficiency": {"value": false, "type": "checkbox", "hidden": true, "parent": "persuasion"}, "persuasion-expertise": {"value": false, "type": "checkbox", "hidden": true, "parent": "persuasion"}, "jack-of-all-trades": {"value": false, "type": "checkbox", "section": "skills"}, "dark-vision": {"value": 60, "type": "number", "section": "senses"}, "passive-perception": {"value": 9, "type": "number", "section": "senses", "expression": "10 + perception"}, "passive-stealth": {"value": 10, "type": "number", "section": "senses", "expression": "10 + stealth"}, "spell-slots-used": {"type": "checkboxes", "max": 0, "value": 0, "section": "spells"}, "spell-slots-used-max": {"type": "number", "value": 0, "parent": "spell-slots-used", "hidden": true}, "level": {"value": 0, "section": "info", "type": "number"}, "hit-points-maximum": {"value": 18, "section": "info", "type": "number", "hidden": true, "parent": "hit-points", "local": true}, "hit-points": {"value": 18, "section": "info", "type": "health", "local": true}, "hit-points-temporary": {"value": 0, "section": "info", "type": "number", "local": true, "hidden": true, "parent": "hit-points"}, "class": {"value": "fiend", "section": "info", "type": "text"}, "race": {"value": "demon", "section": "info", "type": "text"}, "armor-class": {"value": 11, "section": "info", "type": "number"}, "speed": {"value": 30, "section": "info", "type": "number"}, "experience": {"value": 0, "section": "info", "type": "number"}, "proficiency": {"value": 2, "expression": "2+floor(level/4)", "section": "info", "type": "number"}, "initiative": {"value": 0, "section": "info", "type": "number", "roll": "!r initiative = 1d20 + initiative"}}, "info": {"description": "<p>Dretch</p>", "notes": "<p>Small fiend (demon), chaotic evil.\nHit Points: 18 (4d6+4)\nSpeed: 20 ft.\nSenses: darkvision 60 ft., passive Perception 9\nLanguages: Abyssal, telepathy 60 ft. (works only with creatures that understand Abyssal)\nCR: 1/4\nDamage Resistances: cold, fire, lightning\nDamage Immunities: poison\nCondition Immunities: poisoned</p>", "sections": [{"name": "abilities", "position": "left", "tab": 1}, {"name": "info", "position": "left", "tab": 1}, {"name": "details", "position": "left", "tab": 3}, {"name": "saving-throws", "position": "right", "tab": 2}, {"name": "senses", "position": "right", "tab": 2}, {"name": "skills", "position": "right", "tab": 2}, {"name": "actions", "position": "bottom", "tab": 4, "savedMessages": true}, {"name": "spells", "position": "bottom", "tab": 4, "savedMessages": true}]}, "appearances": ["https://5e.tools/img/MM/Dretch.png"], "savedMessages": [{"name": "Multiattack", "message": "The dretch makes two attacks: one with its bite and one with its claws.", "section": "actions"}, {"name": "Bite", "message": "Bite, melee weapon attack: {1d20 + 2} to hit, {1d6 + 0} (average 3) piercing damage.", "section": "actions"}, {"name": "Claws", "message": "Claws, melee weapon attack: {1d20 + 2} to hit, {2d4 + 0} (average 5) slashing damage.", "section": "actions"}, {"name": "Fetid Cloud (1/Day)", "message": "A 10-foot radius of disgusting green gas extends out from the dretch. The gas spreads around corners, and its area is lightly obscured. It lasts for 1 minute or until a strong wind disperses it. Any creature that starts its turn in that area must succeed on a DC 11 Constitution saving throw or be poisoned until the start of its next turn. While poisoned in this way, the target can take either an action or a bonus action on its turn, not both, and can't take reactions.", "section": "actions"}]}