{"stats": {"strength": {"expression": "floor ((strength-score - 10) / 2)", "type": "ability", "value": -2, "section": "abilities", "roll": "strength check: {1d20 + strength}"}, "strength-score": {"parent": "strength", "value": 7, "type": "number", "hidden": true}, "strength-save": {"expression": "strength + (strength-save-proficiency ? proficiency : 0)", "value": -2, "type": "saving-throw", "section": "saving-throws", "roll": "STR save: {1d20 + strength-save}"}, "strength-save-proficiency": {"parent": "strength-save", "value": false, "type": "checkbox", "hidden": true}, "dexterity": {"expression": "floor ((dexterity-score - 10) / 2)", "type": "ability", "value": 1, "section": "abilities", "roll": "dexterity check: {1d20 + dexterity}"}, "dexterity-score": {"parent": "dexterity", "value": 13, "type": "number", "hidden": true}, "dexterity-save": {"expression": "dexterity + (dexterity-save-proficiency ? proficiency : 0)", "value": 1, "type": "saving-throw", "section": "saving-throws", "roll": "DEX save: {1d20 + dexterity-save}"}, "dexterity-save-proficiency": {"parent": "dexterity-save", "value": false, "type": "checkbox", "hidden": true}, "constitution": {"expression": "floor ((constitution-score - 10) / 2)", "type": "ability", "value": 0, "section": "abilities", "roll": "constitution check: {1d20 + constitution}"}, "constitution-score": {"parent": "constitution", "value": 10, "type": "number", "hidden": true}, "constitution-save": {"expression": "constitution + (constitution-save-proficiency ? proficiency : 0)", "value": 0, "type": "saving-throw", "section": "saving-throws", "roll": "CON save: {1d20 + constitution-save}"}, "constitution-save-proficiency": {"parent": "constitution-save", "value": false, "type": "checkbox", "hidden": true}, "intelligence": {"expression": "floor ((intelligence-score - 10) / 2)", "type": "ability", "value": 0, "section": "abilities", "roll": "intelligence check: {1d20 + intelligence}"}, "intelligence-score": {"parent": "intelligence", "value": 10, "type": "number", "hidden": true}, "intelligence-save": {"expression": "intelligence + (intelligence-save-proficiency ? proficiency : 0)", "value": 0, "type": "saving-throw", "section": "saving-throws", "roll": "INT save: {1d20 + intelligence-save}"}, "intelligence-save-proficiency": {"parent": "intelligence-save", "value": false, "type": "checkbox", "hidden": true}, "wisdom": {"expression": "floor ((wisdom-score - 10) / 2)", "type": "ability", "value": 1, "section": "abilities", "roll": "wisdom check: {1d20 + wisdom}"}, "wisdom-score": {"parent": "wisdom", "value": 12, "type": "number", "hidden": true}, "wisdom-save": {"expression": "wisdom + (wisdom-save-proficiency ? proficiency : 0)", "value": 1, "type": "saving-throw", "section": "saving-throws", "roll": "WIS save: {1d20 + wisdom-save}"}, "wisdom-save-proficiency": {"parent": "wisdom-save", "value": false, "type": "checkbox", "hidden": true}, "charisma": {"expression": "floor ((charisma-score - 10) / 2)", "type": "ability", "value": 3, "section": "abilities", "roll": "charisma check: {1d20 + charisma}"}, "charisma-score": {"parent": "charisma", "value": 17, "type": "number", "hidden": true}, "charisma-save": {"expression": "charisma + (charisma-save-proficiency ? proficiency : 0)", "value": 3, "type": "saving-throw", "section": "saving-throws", "roll": "CHA save: {1d20 + charisma-save}"}, "charisma-save-proficiency": {"parent": "charisma-save", "value": false, "type": "checkbox", "hidden": true}, "athletics": {"expression": "dexterity + (athletics-expertise ? proficiency*2 : athletics-proficiency ? proficiency : jack-of-all-trades ? (floor (proficiency / 2)) : 0)", "value": 1, "subtitle": "dex", "type": "skill", "section": "skills", "roll": "Athletics check: {1d20 + athletics}"}, "athletics-proficiency": {"value": false, "type": "checkbox", "hidden": true, "parent": "athletics"}, "athletics-expertise": {"value": false, "type": "checkbox", "hidden": true, "parent": "athletics"}, "acrobatics": {"expression": "dexterity + (acrobatics-expertise ? proficiency*2 : acrobatics-proficiency ? proficiency : jack-of-all-trades ? (floor (proficiency / 2)) : 0)", "value": 1, "subtitle": "dex", "type": "skill", "section": "skills", "roll": "Acrobatics check: {1d20 + acrobatics}"}, "acrobatics-proficiency": {"value": false, "type": "checkbox", "hidden": true, "parent": "acrobatics"}, "acrobatics-expertise": {"value": false, "type": "checkbox", "hidden": true, "parent": "acrobatics"}, "sleight-of-hand": {"expression": "dexterity + (sleight-of-hand-expertise ? proficiency*2 : sleight-of-hand-proficiency ? proficiency : jack-of-all-trades ? (floor (proficiency / 2)) : 0)", "value": 1, "subtitle": "dex", "type": "skill", "section": "skills", "roll": "Sleight-of-hand check: {1d20 + sleight-of-hand}"}, "sleight-of-hand-proficiency": {"value": false, "type": "checkbox", "hidden": true, "parent": "sleight-of-hand"}, "sleight-of-hand-expertise": {"value": false, "type": "checkbox", "hidden": true, "parent": "sleight-of-hand"}, "stealth": {"expression": "dexterity + (stealth-expertise ? proficiency*2 : stealth-proficiency ? proficiency : jack-of-all-trades ? (floor (proficiency / 2)) : 0)", "value": 1, "subtitle": "dex", "type": "skill", "section": "skills", "roll": "Stealth check: {1d20 + stealth}"}, "stealth-proficiency": {"value": false, "type": "checkbox", "hidden": true, "parent": "stealth"}, "stealth-expertise": {"value": false, "type": "checkbox", "hidden": true, "parent": "stealth"}, "arcana": {"expression": "intelligence + (arcana-expertise ? proficiency*2 : arcana-proficiency ? proficiency : jack-of-all-trades ? (floor (proficiency / 2)) : 0)", "value": 0, "subtitle": "int", "type": "skill", "section": "skills", "roll": "Arcana check: {1d20 + arcana}"}, "arcana-proficiency": {"value": false, "type": "checkbox", "hidden": true, "parent": "arcana"}, "arcana-expertise": {"value": false, "type": "checkbox", "hidden": true, "parent": "arcana"}, "history": {"expression": "intelligence + (history-expertise ? proficiency*2 : history-proficiency ? proficiency : jack-of-all-trades ? (floor (proficiency / 2)) : 0)", "value": 0, "subtitle": "int", "type": "skill", "section": "skills", "roll": "History check: {1d20 + history}"}, "history-proficiency": {"value": false, "type": "checkbox", "hidden": true, "parent": "history"}, "history-expertise": {"value": false, "type": "checkbox", "hidden": true, "parent": "history"}, "investigation": {"expression": "intelligence + (investigation-expertise ? proficiency*2 : investigation-proficiency ? proficiency : jack-of-all-trades ? (floor (proficiency / 2)) : 0)", "value": 0, "subtitle": "int", "type": "skill", "section": "skills", "roll": "Investigation check: {1d20 + investigation}"}, "investigation-proficiency": {"value": false, "type": "checkbox", "hidden": true, "parent": "investigation"}, "investigation-expertise": {"value": false, "type": "checkbox", "hidden": true, "parent": "investigation"}, "nature": {"expression": "intelligence + (nature-expertise ? proficiency*2 : nature-proficiency ? proficiency : jack-of-all-trades ? (floor (proficiency / 2)) : 0)", "value": 0, "subtitle": "int", "type": "skill", "section": "skills", "roll": "Nature check: {1d20 + nature}"}, "nature-proficiency": {"value": false, "type": "checkbox", "hidden": true, "parent": "nature"}, "nature-expertise": {"value": false, "type": "checkbox", "hidden": true, "parent": "nature"}, "religion": {"expression": "intelligence + (religion-expertise ? proficiency*2 : religion-proficiency ? proficiency : jack-of-all-trades ? (floor (proficiency / 2)) : 0)", "value": 0, "subtitle": "int", "type": "skill", "section": "skills", "roll": "Religion check: {1d20 + religion}"}, "religion-proficiency": {"value": false, "type": "checkbox", "hidden": true, "parent": "religion"}, "religion-expertise": {"value": false, "type": "checkbox", "hidden": true, "parent": "religion"}, "animal-handling": {"expression": "wisdom + (animal-handling-expertise ? proficiency*2 : animal-handling-proficiency ? proficiency : jack-of-all-trades ? (floor (proficiency / 2)) : 0)", "value": 1, "subtitle": "wis", "type": "skill", "section": "skills", "roll": "Animal-handling check: {1d20 + animal-handling}"}, "animal-handling-proficiency": {"value": false, "type": "checkbox", "hidden": true, "parent": "animal-handling"}, "animal-handling-expertise": {"value": false, "type": "checkbox", "hidden": true, "parent": "animal-handling"}, "insight": {"expression": "wisdom + (insight-expertise ? proficiency*2 : insight-proficiency ? proficiency : jack-of-all-trades ? (floor (proficiency / 2)) : 0)", "value": 1, "subtitle": "wis", "type": "skill", "section": "skills", "roll": "Insight check: {1d20 + insight}"}, "insight-proficiency": {"value": false, "type": "checkbox", "hidden": true, "parent": "insight"}, "insight-expertise": {"value": false, "type": "checkbox", "hidden": true, "parent": "insight"}, "medicine": {"expression": "wisdom + (medicine-expertise ? proficiency*2 : medicine-proficiency ? proficiency : jack-of-all-trades ? (floor (proficiency / 2)) : 0)", "value": 1, "subtitle": "wis", "type": "skill", "section": "skills", "roll": "Medicine check: {1d20 + medicine}"}, "medicine-proficiency": {"value": false, "type": "checkbox", "hidden": true, "parent": "medicine"}, "medicine-expertise": {"value": false, "type": "checkbox", "hidden": true, "parent": "medicine"}, "perception": {"expression": "wisdom + (perception-expertise ? proficiency*2 : perception-proficiency ? proficiency : jack-of-all-trades ? (floor (proficiency / 2)) : 0)", "value": 1, "subtitle": "wis", "type": "skill", "section": "skills", "roll": "Perception check: {1d20 + perception}"}, "perception-proficiency": {"value": false, "type": "checkbox", "hidden": true, "parent": "perception"}, "perception-expertise": {"value": false, "type": "checkbox", "hidden": true, "parent": "perception"}, "survival": {"expression": "wisdom + (survival-expertise ? proficiency*2 : survival-proficiency ? proficiency : jack-of-all-trades ? (floor (proficiency / 2)) : 0)", "value": 1, "subtitle": "wis", "type": "skill", "section": "skills", "roll": "Survival check: {1d20 + survival}"}, "survival-proficiency": {"value": false, "type": "checkbox", "hidden": true, "parent": "survival"}, "survival-expertise": {"value": false, "type": "checkbox", "hidden": true, "parent": "survival"}, "deception": {"expression": "charisma + (deception-expertise ? proficiency*2 : deception-proficiency ? proficiency : jack-of-all-trades ? (floor (proficiency / 2)) : 0)", "value": 3, "subtitle": "cha", "type": "skill", "section": "skills", "roll": "Deception check: {1d20 + deception}"}, "deception-proficiency": {"value": false, "type": "checkbox", "hidden": true, "parent": "deception"}, "deception-expertise": {"value": false, "type": "checkbox", "hidden": true, "parent": "deception"}, "intimidation": {"expression": "charisma + (intimidation-expertise ? proficiency*2 : intimidation-proficiency ? proficiency : jack-of-all-trades ? (floor (proficiency / 2)) : 0)", "value": 3, "subtitle": "cha", "type": "skill", "section": "skills", "roll": "Intimidation check: {1d20 + intimidation}"}, "intimidation-proficiency": {"value": false, "type": "checkbox", "hidden": true, "parent": "intimidation"}, "intimidation-expertise": {"value": false, "type": "checkbox", "hidden": true, "parent": "intimidation"}, "performance": {"expression": "charisma + (performance-expertise ? proficiency*2 : performance-proficiency ? proficiency : jack-of-all-trades ? (floor (proficiency / 2)) : 0)", "value": 3, "subtitle": "cha", "type": "skill", "section": "skills", "roll": "Performance check: {1d20 + performance}"}, "performance-proficiency": {"value": false, "type": "checkbox", "hidden": true, "parent": "performance"}, "performance-expertise": {"value": false, "type": "checkbox", "hidden": true, "parent": "performance"}, "persuasion": {"expression": "charisma + (persuasion-expertise ? proficiency*2 : persuasion-proficiency ? proficiency : jack-of-all-trades ? (floor (proficiency / 2)) : 0)", "value": 3, "subtitle": "cha", "type": "skill", "section": "skills", "roll": "Persuasion check: {1d20 + persuasion}"}, "persuasion-proficiency": {"value": false, "type": "checkbox", "hidden": true, "parent": "persuasion"}, "persuasion-expertise": {"value": false, "type": "checkbox", "hidden": true, "parent": "persuasion"}, "jack-of-all-trades": {"value": false, "type": "checkbox", "section": "skills"}, "dark-vision": {"value": 60, "type": "number", "section": "senses"}, "passive-perception": {"value": 11, "type": "number", "section": "senses", "expression": "10 + perception"}, "passive-insight": {"value": 11, "type": "number", "section": "senses", "expression": "10 + insight"}, "passive-stealth": {"value": 11, "type": "number", "section": "senses", "expression": "10 + stealth"}, "level": {"value": 4, "section": "info", "type": "number"}, "hit-points-maximum": {"value": 45, "section": "info", "type": "number", "hidden": true, "parent": "hit-points", "local": true}, "hit-points": {"value": 45, "section": "info", "type": "health", "local": true}, "hit-points-temporary": {"value": 0, "section": "info", "type": "number", "local": true, "hidden": true, "parent": "hit-points"}, "armor-class": {"value": 11, "section": "info", "type": "number"}, "immune-to": {"value": "cold, necrotic, poison", "section": "info", "type": "text"}, "resistant-to": {"value": "acid, fire, lightning, thunder; bludgeoning, piercing and slashing from nonmagical attacks", "section": "info", "type": "text"}, "roll-hp": {"value": "10d8", "section": "info", "type": "text", "roll": "{roll-hp = 10d8} {hit-points-maximum = roll-hp} {hit-points = hit-points-maximum} !hr"}, "size": {"value": "Medium", "section": "info", "type": "text"}, "monster-type": {"value": "undead", "section": "info", "type": "text"}, "alignment": {"value": "any alignment", "section": "info", "type": "text"}, "walk-speed": {"value": 0, "section": "info", "type": "number"}, "hover-fly-speed": {"value": 40, "section": "info", "type": "number"}, "proficiency": {"value": 3, "expression": "2+floor(level/4)", "section": "info", "type": "number"}, "initiative": {"value": 1, "section": "info", "type": "number", "roll": "!r initiative = 1d20 + initiative"}}, "info": {"description": "<p>Ghost</p>", "notes": "<p><b>Senses:</b> darkvision 60 ft., passive Perception 11</p><p><b>Languages:</b> any languages it knew in life</p><p><b>CR:</b> 4</p><p><b>Ethereal Sight:</b> The ghost can see 60 feet into the Ethereal Plane when it is on the Material Plane, and vice versa. </p><p><b>Incorporeal Movement:</b> The ghost can move through other creatures and objects as if they were difficult terrain. It takes 5 (@damage 1d10) force damage if it ends its turn inside an object. </p><p><b>Condition Immunities:</b> charmed, exhaustion, frightened, grappled, paralyzed, petrified, poisoned, prone, restrained</p>", "sections": [{"name": "abilities", "position": "left", "tab": 1}, {"name": "info", "position": "left", "tab": 1}, {"name": "details", "position": "left", "tab": 3}, {"name": "saving-throws", "position": "right", "tab": 2}, {"name": "senses", "position": "right", "tab": 2}, {"name": "skills", "position": "right", "tab": 2}, {"name": "actions", "position": "bottom", "tab": 4, "savedMessages": true}, {"name": "spells", "position": "bottom", "tab": 4, "savedMessages": true}]}, "appearances": ["https://5e.tools/img/MM/Ghost.png"], "savedMessages": [{"name": "Withering Touch", "section": "actions", "message": "Withering Touch:\nMelee Weapon Attack: {1d20 +5} to hit, reach 5 ft., one target. 17 (or {4d6 + 3}) necrotic damage. !hr"}, {"name": "Etherealness", "section": "actions", "message": "Etherealness:\nThe ghost enters the Ethereal Plane from the Material Plane, or vice versa. It is visible on the Material Plane while it is in the Border Ethereal, and vice versa, yet it can't affect or be affected by anything on the other plane. !hr"}, {"name": "Horrifying Visage", "section": "actions", "message": "Horrifying Visage:\nEach non-undead creature within 60 feet of the ghost that can see it must succeed on a DC 13 Wisdom saving throw or be frightened for 1 minute. If the save fails by 5 or more, the target also ages 1d4 Ã— 10 years. A frightened target can repeat the saving throw at the end of each of its turns, ending the frightened condition on itself on a success. If a target's saving throw is successful or the effect ends for it, the target is immune to this ghost's Horrifying Visage for the next 24 hours. The aging effect can be reversed with a  greater restoration spell, but only within 24 hours of it occurring. !hr"}, {"name": "Possession (Recharge-6)", "section": "actions", "message": "Possession (Recharge-6):\nOne humanoid that the ghost can see within 5 feet of it must succeed on a DC 13 Charisma saving throw or be possessed by the ghost; the ghost then disappears, and the target is incapacitated and loses control of its body. The ghost now controls the body but doesn't deprive the target of awareness. The ghost can't be targeted by any attack, spell, or other effect, except ones that turn undead, and it retains its alignment, Intelligence, Wisdom, Charisma, and immunity to being charmed and frightened. It otherwise uses the possessed target's statistics, but doesn't gain access to the target's knowledge, class features, or proficiencies. The possession lasts until the body drops to 0 hit points, the ghost ends it as a bonus action, or the ghost is turned or forced out by an effect like the dispel evil and good spell. When the possession ends, the ghost reappears in an unoccupied space within 5 feet of the body. The target is immune to this ghost's Possession for 24 hours after succeeding on the saving throw or after the possession ends. !hr"}]}