{"stats": {"strength": {"expression": "floor ((strength-score - 10) / 2)", "type": "ability", "value": 4, "section": "abilities", "roll": "strength check: {1d20 + strength}"}, "strength-score": {"parent": "strength", "value": 19, "type": "number", "hidden": true}, "strength-save": {"expression": "strength + (strength-save-proficiency ? proficiency : 0)", "value": 4, "type": "saving-throw", "section": "saving-throws", "roll": "STR save: {1d20 + strength-save}"}, "strength-save-proficiency": {"parent": "strength-save", "value": false, "type": "checkbox", "hidden": true}, "dexterity": {"expression": "floor ((dexterity-score - 10) / 2)", "type": "ability", "value": -1, "section": "abilities", "roll": "dexterity check: {1d20 + dexterity}"}, "dexterity-score": {"parent": "dexterity", "value": 9, "type": "number", "hidden": true}, "dexterity-save": {"expression": "dexterity + (dexterity-save-proficiency ? proficiency : 0)", "value": -1, "type": "saving-throw", "section": "saving-throws", "roll": "DEX save: {1d20 + dexterity-save}"}, "dexterity-save-proficiency": {"parent": "dexterity-save", "value": false, "type": "checkbox", "hidden": true}, "constitution": {"expression": "floor ((constitution-score - 10) / 2)", "type": "ability", "value": 4, "section": "abilities", "roll": "constitution check: {1d20 + constitution}"}, "constitution-score": {"parent": "constitution", "value": 18, "type": "number", "hidden": true}, "constitution-save": {"expression": "constitution + (constitution-save-proficiency ? proficiency : 0)", "value": 4, "type": "saving-throw", "section": "saving-throws", "roll": "CON save: {1d20 + constitution-save}"}, "constitution-save-proficiency": {"parent": "constitution-save", "value": false, "type": "checkbox", "hidden": true}, "intelligence": {"expression": "floor ((intelligence-score - 10) / 2)", "type": "ability", "value": -2, "section": "abilities", "roll": "intelligence check: {1d20 + intelligence}"}, "intelligence-score": {"parent": "intelligence", "value": 6, "type": "number", "hidden": true}, "intelligence-save": {"expression": "intelligence + (intelligence-save-proficiency ? proficiency : 0)", "value": -2, "type": "saving-throw", "section": "saving-throws", "roll": "INT save: {1d20 + intelligence-save}"}, "intelligence-save-proficiency": {"parent": "intelligence-save", "value": false, "type": "checkbox", "hidden": true}, "wisdom": {"expression": "floor ((wisdom-score - 10) / 2)", "type": "ability", "value": 0, "section": "abilities", "roll": "wisdom check: {1d20 + wisdom}"}, "wisdom-score": {"parent": "wisdom", "value": 10, "type": "number", "hidden": true}, "wisdom-save": {"expression": "wisdom + (wisdom-save-proficiency ? proficiency : 0)", "value": 0, "type": "saving-throw", "section": "saving-throws", "roll": "WIS save: {1d20 + wisdom-save}"}, "wisdom-save-proficiency": {"parent": "wisdom-save", "value": false, "type": "checkbox", "hidden": true}, "charisma": {"expression": "floor ((charisma-score - 10) / 2)", "type": "ability", "value": -3, "section": "abilities", "roll": "charisma check: {1d20 + charisma}"}, "charisma-score": {"parent": "charisma", "value": 5, "type": "number", "hidden": true}, "charisma-save": {"expression": "charisma + (charisma-save-proficiency ? proficiency : 0)", "value": -3, "type": "saving-throw", "section": "saving-throws", "roll": "CHA save: {1d20 + charisma-save}"}, "charisma-save-proficiency": {"parent": "charisma-save", "value": false, "type": "checkbox", "hidden": true}, "athletics": {"expression": "dexterity + (athletics-expertise ? proficiency*2 : athletics-proficiency ? proficiency : jack-of-all-trades ? (floor (proficiency / 2)) : 0)", "value": -1, "subtitle": "dex", "type": "skill", "section": "skills", "roll": "Athletics check: {1d20 + athletics}"}, "athletics-proficiency": {"value": false, "type": "checkbox", "hidden": true, "parent": "athletics"}, "athletics-expertise": {"value": false, "type": "checkbox", "hidden": true, "parent": "athletics"}, "acrobatics": {"expression": "dexterity + (acrobatics-expertise ? proficiency*2 : acrobatics-proficiency ? proficiency : jack-of-all-trades ? (floor (proficiency / 2)) : 0)", "value": -1, "subtitle": "dex", "type": "skill", "section": "skills", "roll": "Acrobatics check: {1d20 + acrobatics}"}, "acrobatics-proficiency": {"value": false, "type": "checkbox", "hidden": true, "parent": "acrobatics"}, "acrobatics-expertise": {"value": false, "type": "checkbox", "hidden": true, "parent": "acrobatics"}, "sleight-of-hand": {"expression": "dexterity + (sleight-of-hand-expertise ? proficiency*2 : sleight-of-hand-proficiency ? proficiency : jack-of-all-trades ? (floor (proficiency / 2)) : 0)", "value": -1, "subtitle": "dex", "type": "skill", "section": "skills", "roll": "Sleight-of-hand check: {1d20 + sleight-of-hand}"}, "sleight-of-hand-proficiency": {"value": false, "type": "checkbox", "hidden": true, "parent": "sleight-of-hand"}, "sleight-of-hand-expertise": {"value": false, "type": "checkbox", "hidden": true, "parent": "sleight-of-hand"}, "stealth": {"expression": "dexterity + (stealth-expertise ? proficiency*2 : stealth-proficiency ? proficiency : jack-of-all-trades ? (floor (proficiency / 2)) : 0)", "value": -1, "subtitle": "dex", "type": "skill", "section": "skills", "roll": "Stealth check: {1d20 + stealth}"}, "stealth-proficiency": {"value": false, "type": "checkbox", "hidden": true, "parent": "stealth"}, "stealth-expertise": {"value": false, "type": "checkbox", "hidden": true, "parent": "stealth"}, "arcana": {"expression": "intelligence + (arcana-expertise ? proficiency*2 : arcana-proficiency ? proficiency : jack-of-all-trades ? (floor (proficiency / 2)) : 0)", "value": -2, "subtitle": "int", "type": "skill", "section": "skills", "roll": "Arcana check: {1d20 + arcana}"}, "arcana-proficiency": {"value": false, "type": "checkbox", "hidden": true, "parent": "arcana"}, "arcana-expertise": {"value": false, "type": "checkbox", "hidden": true, "parent": "arcana"}, "history": {"expression": "intelligence + (history-expertise ? proficiency*2 : history-proficiency ? proficiency : jack-of-all-trades ? (floor (proficiency / 2)) : 0)", "value": -2, "subtitle": "int", "type": "skill", "section": "skills", "roll": "History check: {1d20 + history}"}, "history-proficiency": {"value": false, "type": "checkbox", "hidden": true, "parent": "history"}, "history-expertise": {"value": false, "type": "checkbox", "hidden": true, "parent": "history"}, "investigation": {"expression": "intelligence + (investigation-expertise ? proficiency*2 : investigation-proficiency ? proficiency : jack-of-all-trades ? (floor (proficiency / 2)) : 0)", "value": -2, "subtitle": "int", "type": "skill", "section": "skills", "roll": "Investigation check: {1d20 + investigation}"}, "investigation-proficiency": {"value": false, "type": "checkbox", "hidden": true, "parent": "investigation"}, "investigation-expertise": {"value": false, "type": "checkbox", "hidden": true, "parent": "investigation"}, "nature": {"expression": "intelligence + (nature-expertise ? proficiency*2 : nature-proficiency ? proficiency : jack-of-all-trades ? (floor (proficiency / 2)) : 0)", "value": -2, "subtitle": "int", "type": "skill", "section": "skills", "roll": "Nature check: {1d20 + nature}"}, "nature-proficiency": {"value": false, "type": "checkbox", "hidden": true, "parent": "nature"}, "nature-expertise": {"value": false, "type": "checkbox", "hidden": true, "parent": "nature"}, "religion": {"expression": "intelligence + (religion-expertise ? proficiency*2 : religion-proficiency ? proficiency : jack-of-all-trades ? (floor (proficiency / 2)) : 0)", "value": -2, "subtitle": "int", "type": "skill", "section": "skills", "roll": "Religion check: {1d20 + religion}"}, "religion-proficiency": {"value": false, "type": "checkbox", "hidden": true, "parent": "religion"}, "religion-expertise": {"value": false, "type": "checkbox", "hidden": true, "parent": "religion"}, "animal-handling": {"expression": "wisdom + (animal-handling-expertise ? proficiency*2 : animal-handling-proficiency ? proficiency : jack-of-all-trades ? (floor (proficiency / 2)) : 0)", "value": 0, "subtitle": "wis", "type": "skill", "section": "skills", "roll": "Animal-handling check: {1d20 + animal-handling}"}, "animal-handling-proficiency": {"value": false, "type": "checkbox", "hidden": true, "parent": "animal-handling"}, "animal-handling-expertise": {"value": false, "type": "checkbox", "hidden": true, "parent": "animal-handling"}, "insight": {"expression": "wisdom + (insight-expertise ? proficiency*2 : insight-proficiency ? proficiency : jack-of-all-trades ? (floor (proficiency / 2)) : 0)", "value": 0, "subtitle": "wis", "type": "skill", "section": "skills", "roll": "Insight check: {1d20 + insight}"}, "insight-proficiency": {"value": false, "type": "checkbox", "hidden": true, "parent": "insight"}, "insight-expertise": {"value": false, "type": "checkbox", "hidden": true, "parent": "insight"}, "medicine": {"expression": "wisdom + (medicine-expertise ? proficiency*2 : medicine-proficiency ? proficiency : jack-of-all-trades ? (floor (proficiency / 2)) : 0)", "value": 0, "subtitle": "wis", "type": "skill", "section": "skills", "roll": "Medicine check: {1d20 + medicine}"}, "medicine-proficiency": {"value": false, "type": "checkbox", "hidden": true, "parent": "medicine"}, "medicine-expertise": {"value": false, "type": "checkbox", "hidden": true, "parent": "medicine"}, "perception": {"expression": "wisdom + (perception-expertise ? proficiency*2 : perception-proficiency ? proficiency : jack-of-all-trades ? (floor (proficiency / 2)) : 0)", "value": 0, "subtitle": "wis", "type": "skill", "section": "skills", "roll": "Perception check: {1d20 + perception}"}, "perception-proficiency": {"value": false, "type": "checkbox", "hidden": true, "parent": "perception"}, "perception-expertise": {"value": false, "type": "checkbox", "hidden": true, "parent": "perception"}, "survival": {"expression": "wisdom + (survival-expertise ? proficiency*2 : survival-proficiency ? proficiency : jack-of-all-trades ? (floor (proficiency / 2)) : 0)", "value": 0, "subtitle": "wis", "type": "skill", "section": "skills", "roll": "Survival check: {1d20 + survival}"}, "survival-proficiency": {"value": false, "type": "checkbox", "hidden": true, "parent": "survival"}, "survival-expertise": {"value": false, "type": "checkbox", "hidden": true, "parent": "survival"}, "deception": {"expression": "charisma + (deception-expertise ? proficiency*2 : deception-proficiency ? proficiency : jack-of-all-trades ? (floor (proficiency / 2)) : 0)", "value": -3, "subtitle": "cha", "type": "skill", "section": "skills", "roll": "Deception check: {1d20 + deception}"}, "deception-proficiency": {"value": false, "type": "checkbox", "hidden": true, "parent": "deception"}, "deception-expertise": {"value": false, "type": "checkbox", "hidden": true, "parent": "deception"}, "intimidation": {"expression": "charisma + (intimidation-expertise ? proficiency*2 : intimidation-proficiency ? proficiency : jack-of-all-trades ? (floor (proficiency / 2)) : 0)", "value": -3, "subtitle": "cha", "type": "skill", "section": "skills", "roll": "Intimidation check: {1d20 + intimidation}"}, "intimidation-proficiency": {"value": false, "type": "checkbox", "hidden": true, "parent": "intimidation"}, "intimidation-expertise": {"value": false, "type": "checkbox", "hidden": true, "parent": "intimidation"}, "performance": {"expression": "charisma + (performance-expertise ? proficiency*2 : performance-proficiency ? proficiency : jack-of-all-trades ? (floor (proficiency / 2)) : 0)", "value": -3, "subtitle": "cha", "type": "skill", "section": "skills", "roll": "Performance check: {1d20 + performance}"}, "performance-proficiency": {"value": false, "type": "checkbox", "hidden": true, "parent": "performance"}, "performance-expertise": {"value": false, "type": "checkbox", "hidden": true, "parent": "performance"}, "persuasion": {"expression": "charisma + (persuasion-expertise ? proficiency*2 : persuasion-proficiency ? proficiency : jack-of-all-trades ? (floor (proficiency / 2)) : 0)", "value": -3, "subtitle": "cha", "type": "skill", "section": "skills", "roll": "Persuasion check: {1d20 + persuasion}"}, "persuasion-proficiency": {"value": false, "type": "checkbox", "hidden": true, "parent": "persuasion"}, "persuasion-expertise": {"value": false, "type": "checkbox", "hidden": true, "parent": "persuasion"}, "jack-of-all-trades": {"value": false, "type": "checkbox", "section": "skills"}, "dark-vision": {"value": 60, "type": "number", "section": "senses"}, "passive-perception": {"value": 10, "type": "number", "section": "senses", "expression": "10 + perception"}, "passive-insight": {"value": 10, "type": "number", "section": "senses", "expression": "10 + insight"}, "passive-stealth": {"value": 9, "type": "number", "section": "senses", "expression": "10 + stealth"}, "level": {"value": 5, "section": "info", "type": "number"}, "hit-points-maximum": {"value": 93, "section": "info", "type": "number", "hidden": true, "parent": "hit-points", "local": true}, "hit-points": {"value": 93, "section": "info", "type": "health", "local": true}, "hit-points-temporary": {"value": 0, "section": "info", "type": "number", "local": true, "hidden": true, "parent": "hit-points"}, "armor-class": {"value": 9, "section": "info", "type": "number"}, "immune-to": {"value": "lightning, poison; bludgeoning, piercing and slashing from nonmagical attacks that aren't adamantine", "section": "info", "type": "text"}, "roll-hp": {"value": "11d8 + 44", "section": "info", "type": "text", "roll": "{roll-hp = 11d8 + 44} {hit-points-maximum = roll-hp} {hit-points = hit-points-maximum} !hr"}, "size": {"value": "Medium", "section": "info", "type": "text"}, "monster-type": {"value": "construct", "section": "info", "type": "text"}, "alignment": {"value": "neutral", "section": "info", "type": "text"}, "walk-speed": {"value": 30, "section": "info", "type": "number"}, "proficiency": {"value": 3, "expression": "2+floor(level/4)", "section": "info", "type": "number"}, "initiative": {"value": -1, "section": "info", "type": "number", "roll": "!r initiative = 1d20 + initiative"}}, "info": {"description": "<p>Flesh Golem</p>", "notes": "<p><b>Senses:</b> darkvision 60 ft., passive Perception 10</p><p><b>Languages:</b> understands the languages of its creator but can't speak</p><p><b>CR:</b> 5</p><p><b>Berserk:</b> Whenever the golem starts its turn with 40 hit points or fewer, roll a d6. On a 6, the golem goes berserk. On each of its turns while berserk, the golem attacks the nearest creature it can see. If no creature is near enough to move to and attack, the golem attacks an object, with preference for an object smaller than itself. Once the golem goes berserk, it continues to do so until it is destroyed or regains all its hit points. The golem's creator, if within 60 feet of the berserk golem, can try to calm it by speaking firmly and persuasively. The golem must be able to hear its creator, who must take an action to make a DC 15 Charisma (Persuasion) check. If the check succeeds, the golem ceases being berserk. If it takes damage while still at 40 hit points or fewer, the golem might go berserk again.</p><p><b>Aversion of Fire:</b> If the golem takes fire damage, it has disadvantage on attack rolls and ability checks until the end of its next turn.</p><p><b>Immutable Form:</b> The golem is immune to any spell or effect that would alter its form.</p><p><b>Lightning Absorption:</b> Whenever the golem is subjected to lightning damage, it takes no damage and instead regains a number of hit points equal to the lightning damage dealt.</p><p><b>Magic Resistance:</b> The golem has advantage on saving throws against spells and other magical effects.</p><p><b>Magic Weapons:</b> The golem's weapon attacks are magical.</p><p><b>Condition Immunities:</b> charmed, exhaustion, frightened, paralyzed, petrified, poisoned</p>", "sections": [{"name": "abilities", "position": "left", "tab": 1}, {"name": "info", "position": "left", "tab": 1}, {"name": "details", "position": "left", "tab": 3}, {"name": "saving-throws", "position": "right", "tab": 2}, {"name": "senses", "position": "right", "tab": 2}, {"name": "skills", "position": "right", "tab": 2}, {"name": "actions", "position": "bottom", "tab": 4, "savedMessages": true}, {"name": "spells", "position": "bottom", "tab": 4, "savedMessages": true}]}, "appearances": ["https://5e.tools/img/MM/Flesh%20Golem.png"], "savedMessages": [{"name": "Multiattack", "section": "actions", "message": "Multiattack:\nThe golem makes two slam attacks. !hr"}, {"name": "Slam", "section": "actions", "message": "Slam:\nMelee Weapon Attack: {1d20 +7} to hit, reach 5 ft., one target. 13 (or {2d8 + 4}) bludgeoning damage. !hr"}]}