{"stats": {"strength": {"expression": "floor ((strength-score - 10) / 2)", "type": "ability", "value": 2, "section": "abilities", "roll": "strength check: {1d20 + strength}"}, "strength-score": {"parent": "strength", "value": 14, "type": "number", "hidden": true}, "strength-save": {"expression": "strength + (strength-save-proficiency ? proficiency : 0)", "value": 2, "type": "saving-throw", "section": "saving-throws", "roll": "STR save: {1d20 + strength-save}"}, "strength-save-proficiency": {"parent": "strength-save", "value": false, "type": "checkbox", "hidden": true}, "dexterity": {"expression": "floor ((dexterity-score - 10) / 2)", "type": "ability", "value": -4, "section": "abilities", "roll": "dexterity check: {1d20 + dexterity}"}, "dexterity-score": {"parent": "dexterity", "value": 3, "type": "number", "hidden": true}, "dexterity-save": {"expression": "dexterity + (dexterity-save-proficiency ? proficiency : 0)", "value": -4, "type": "saving-throw", "section": "saving-throws", "roll": "DEX save: {1d20 + dexterity-save}"}, "dexterity-save-proficiency": {"parent": "dexterity-save", "value": false, "type": "checkbox", "hidden": true}, "constitution": {"expression": "floor ((constitution-score - 10) / 2)", "type": "ability", "value": 5, "section": "abilities", "roll": "constitution check: {1d20 + constitution}"}, "constitution-score": {"parent": "constitution", "value": 20, "type": "number", "hidden": true}, "constitution-save": {"expression": "constitution + (constitution-save-proficiency ? proficiency : 0)", "value": 5, "type": "saving-throw", "section": "saving-throws", "roll": "CON save: {1d20 + constitution-save}"}, "constitution-save-proficiency": {"parent": "constitution-save", "value": false, "type": "checkbox", "hidden": true}, "intelligence": {"expression": "floor ((intelligence-score - 10) / 2)", "type": "ability", "value": -5, "section": "abilities", "roll": "intelligence check: {1d20 + intelligence}"}, "intelligence-score": {"parent": "intelligence", "value": 1, "type": "number", "hidden": true}, "intelligence-save": {"expression": "intelligence + (intelligence-save-proficiency ? proficiency : 0)", "value": -5, "type": "saving-throw", "section": "saving-throws", "roll": "INT save: {1d20 + intelligence-save}"}, "intelligence-save-proficiency": {"parent": "intelligence-save", "value": false, "type": "checkbox", "hidden": true}, "wisdom": {"expression": "floor ((wisdom-score - 10) / 2)", "type": "ability", "value": -2, "section": "abilities", "roll": "wisdom check: {1d20 + wisdom}"}, "wisdom-score": {"parent": "wisdom", "value": 6, "type": "number", "hidden": true}, "wisdom-save": {"expression": "wisdom + (wisdom-save-proficiency ? proficiency : 0)", "value": -2, "type": "saving-throw", "section": "saving-throws", "roll": "WIS save: {1d20 + wisdom-save}"}, "wisdom-save-proficiency": {"parent": "wisdom-save", "value": false, "type": "checkbox", "hidden": true}, "charisma": {"expression": "floor ((charisma-score - 10) / 2)", "type": "ability", "value": -5, "section": "abilities", "roll": "charisma check: {1d20 + charisma}"}, "charisma-score": {"parent": "charisma", "value": 1, "type": "number", "hidden": true}, "charisma-save": {"expression": "charisma + (charisma-save-proficiency ? proficiency : 0)", "value": -5, "type": "saving-throw", "section": "saving-throws", "roll": "CHA save: {1d20 + charisma-save}"}, "charisma-save-proficiency": {"parent": "charisma-save", "value": false, "type": "checkbox", "hidden": true}, "athletics": {"expression": "strength + (athletics-expertise ? proficiency*2 : athletics-proficiency ? proficiency : jack-of-all-trades ? (floor (proficiency / 2)) : 0)", "value": 2, "subtitle": "str", "type": "skill", "section": "skills", "roll": "Athletics check: {1d20 + athletics}"}, "athletics-proficiency": {"value": false, "type": "checkbox", "hidden": true, "parent": "athletics"}, "athletics-expertise": {"value": false, "type": "checkbox", "hidden": true, "parent": "athletics"}, "acrobatics": {"expression": "dexterity + (acrobatics-expertise ? proficiency*2 : acrobatics-proficiency ? proficiency : jack-of-all-trades ? (floor (proficiency / 2)) : 0)", "value": -4, "subtitle": "dex", "type": "skill", "section": "skills", "roll": "Acrobatics check: {1d20 + acrobatics}"}, "acrobatics-proficiency": {"value": false, "type": "checkbox", "hidden": true, "parent": "acrobatics"}, "acrobatics-expertise": {"value": false, "type": "checkbox", "hidden": true, "parent": "acrobatics"}, "sleight-of-hand": {"expression": "dexterity + (sleight-of-hand-expertise ? proficiency*2 : sleight-of-hand-proficiency ? proficiency : jack-of-all-trades ? (floor (proficiency / 2)) : 0)", "value": -4, "subtitle": "dex", "type": "skill", "section": "skills", "roll": "Sleight-of-hand check: {1d20 + sleight-of-hand}"}, "sleight-of-hand-proficiency": {"value": false, "type": "checkbox", "hidden": true, "parent": "sleight-of-hand"}, "sleight-of-hand-expertise": {"value": false, "type": "checkbox", "hidden": true, "parent": "sleight-of-hand"}, "stealth": {"expression": "dexterity + (stealth-expertise ? proficiency*2 : stealth-proficiency ? proficiency : jack-of-all-trades ? (floor (proficiency / 2)) : 0)", "value": -4, "subtitle": "dex", "type": "skill", "section": "skills", "roll": "Stealth check: {1d20 + stealth}"}, "stealth-proficiency": {"value": false, "type": "checkbox", "hidden": true, "parent": "stealth"}, "stealth-expertise": {"value": false, "type": "checkbox", "hidden": true, "parent": "stealth"}, "arcana": {"expression": "intelligence + (arcana-expertise ? proficiency*2 : arcana-proficiency ? proficiency : jack-of-all-trades ? (floor (proficiency / 2)) : 0)", "value": -5, "subtitle": "int", "type": "skill", "section": "skills", "roll": "Arcana check: {1d20 + arcana}"}, "arcana-proficiency": {"value": false, "type": "checkbox", "hidden": true, "parent": "arcana"}, "arcana-expertise": {"value": false, "type": "checkbox", "hidden": true, "parent": "arcana"}, "history": {"expression": "intelligence + (history-expertise ? proficiency*2 : history-proficiency ? proficiency : jack-of-all-trades ? (floor (proficiency / 2)) : 0)", "value": -5, "subtitle": "int", "type": "skill", "section": "skills", "roll": "History check: {1d20 + history}"}, "history-proficiency": {"value": false, "type": "checkbox", "hidden": true, "parent": "history"}, "history-expertise": {"value": false, "type": "checkbox", "hidden": true, "parent": "history"}, "investigation": {"expression": "intelligence + (investigation-expertise ? proficiency*2 : investigation-proficiency ? proficiency : jack-of-all-trades ? (floor (proficiency / 2)) : 0)", "value": -5, "subtitle": "int", "type": "skill", "section": "skills", "roll": "Investigation check: {1d20 + investigation}"}, "investigation-proficiency": {"value": false, "type": "checkbox", "hidden": true, "parent": "investigation"}, "investigation-expertise": {"value": false, "type": "checkbox", "hidden": true, "parent": "investigation"}, "nature": {"expression": "intelligence + (nature-expertise ? proficiency*2 : nature-proficiency ? proficiency : jack-of-all-trades ? (floor (proficiency / 2)) : 0)", "value": -5, "subtitle": "int", "type": "skill", "section": "skills", "roll": "Nature check: {1d20 + nature}"}, "nature-proficiency": {"value": false, "type": "checkbox", "hidden": true, "parent": "nature"}, "nature-expertise": {"value": false, "type": "checkbox", "hidden": true, "parent": "nature"}, "religion": {"expression": "intelligence + (religion-expertise ? proficiency*2 : religion-proficiency ? proficiency : jack-of-all-trades ? (floor (proficiency / 2)) : 0)", "value": -5, "subtitle": "int", "type": "skill", "section": "skills", "roll": "Religion check: {1d20 + religion}"}, "religion-proficiency": {"value": false, "type": "checkbox", "hidden": true, "parent": "religion"}, "religion-expertise": {"value": false, "type": "checkbox", "hidden": true, "parent": "religion"}, "animal-handling": {"expression": "wisdom + (animal-handling-expertise ? proficiency*2 : animal-handling-proficiency ? proficiency : jack-of-all-trades ? (floor (proficiency / 2)) : 0)", "value": -2, "subtitle": "wis", "type": "skill", "section": "skills", "roll": "Animal-handling check: {1d20 + animal-handling}"}, "animal-handling-proficiency": {"value": false, "type": "checkbox", "hidden": true, "parent": "animal-handling"}, "animal-handling-expertise": {"value": false, "type": "checkbox", "hidden": true, "parent": "animal-handling"}, "insight": {"expression": "wisdom + (insight-expertise ? proficiency*2 : insight-proficiency ? proficiency : jack-of-all-trades ? (floor (proficiency / 2)) : 0)", "value": -2, "subtitle": "wis", "type": "skill", "section": "skills", "roll": "Insight check: {1d20 + insight}"}, "insight-proficiency": {"value": false, "type": "checkbox", "hidden": true, "parent": "insight"}, "insight-expertise": {"value": false, "type": "checkbox", "hidden": true, "parent": "insight"}, "medicine": {"expression": "wisdom + (medicine-expertise ? proficiency*2 : medicine-proficiency ? proficiency : jack-of-all-trades ? (floor (proficiency / 2)) : 0)", "value": -2, "subtitle": "wis", "type": "skill", "section": "skills", "roll": "Medicine check: {1d20 + medicine}"}, "medicine-proficiency": {"value": false, "type": "checkbox", "hidden": true, "parent": "medicine"}, "medicine-expertise": {"value": false, "type": "checkbox", "hidden": true, "parent": "medicine"}, "perception": {"expression": "wisdom + (perception-expertise ? proficiency*2 : perception-proficiency ? proficiency : jack-of-all-trades ? (floor (proficiency / 2)) : 0)", "value": -2, "subtitle": "wis", "type": "skill", "section": "skills", "roll": "Perception check: {1d20 + perception}"}, "perception-proficiency": {"value": false, "type": "checkbox", "hidden": true, "parent": "perception"}, "perception-expertise": {"value": false, "type": "checkbox", "hidden": true, "parent": "perception"}, "survival": {"expression": "wisdom + (survival-expertise ? proficiency*2 : survival-proficiency ? proficiency : jack-of-all-trades ? (floor (proficiency / 2)) : 0)", "value": -2, "subtitle": "wis", "type": "skill", "section": "skills", "roll": "Survival check: {1d20 + survival}"}, "survival-proficiency": {"value": false, "type": "checkbox", "hidden": true, "parent": "survival"}, "survival-expertise": {"value": false, "type": "checkbox", "hidden": true, "parent": "survival"}, "deception": {"expression": "charisma + (deception-expertise ? proficiency*2 : deception-proficiency ? proficiency : jack-of-all-trades ? (floor (proficiency / 2)) : 0)", "value": -5, "subtitle": "cha", "type": "skill", "section": "skills", "roll": "Deception check: {1d20 + deception}"}, "deception-proficiency": {"value": false, "type": "checkbox", "hidden": true, "parent": "deception"}, "deception-expertise": {"value": false, "type": "checkbox", "hidden": true, "parent": "deception"}, "intimidation": {"expression": "charisma + (intimidation-expertise ? proficiency*2 : intimidation-proficiency ? proficiency : jack-of-all-trades ? (floor (proficiency / 2)) : 0)", "value": -5, "subtitle": "cha", "type": "skill", "section": "skills", "roll": "Intimidation check: {1d20 + intimidation}"}, "intimidation-proficiency": {"value": false, "type": "checkbox", "hidden": true, "parent": "intimidation"}, "intimidation-expertise": {"value": false, "type": "checkbox", "hidden": true, "parent": "intimidation"}, "performance": {"expression": "charisma + (performance-expertise ? proficiency*2 : performance-proficiency ? proficiency : jack-of-all-trades ? (floor (proficiency / 2)) : 0)", "value": -5, "subtitle": "cha", "type": "skill", "section": "skills", "roll": "Performance check: {1d20 + performance}"}, "performance-proficiency": {"value": false, "type": "checkbox", "hidden": true, "parent": "performance"}, "performance-expertise": {"value": false, "type": "checkbox", "hidden": true, "parent": "performance"}, "persuasion": {"expression": "charisma + (persuasion-expertise ? proficiency*2 : persuasion-proficiency ? proficiency : jack-of-all-trades ? (floor (proficiency / 2)) : 0)", "value": -5, "subtitle": "cha", "type": "skill", "section": "skills", "roll": "Persuasion check: {1d20 + persuasion}"}, "persuasion-proficiency": {"value": false, "type": "checkbox", "hidden": true, "parent": "persuasion"}, "persuasion-expertise": {"value": false, "type": "checkbox", "hidden": true, "parent": "persuasion"}, "jack-of-all-trades": {"value": false, "type": "checkbox", "section": "skills"}, "blind-sight": {"value": 60, "type": "number", "section": "senses"}, "passive-perception": {"value": 8, "type": "number", "section": "senses", "expression": "10 + perception"}, "passive-insight": {"value": 8, "type": "number", "section": "senses", "expression": "10 + insight"}, "passive-stealth": {"value": 6, "type": "number", "section": "senses", "expression": "10 + stealth"}, "level": {"value": 2, "section": "info", "type": "number"}, "hit-points-maximum": {"value": 84, "section": "info", "type": "number", "hidden": true, "parent": "hit-points", "local": true}, "hit-points": {"value": 84, "section": "info", "type": "health", "local": true}, "hit-points-temporary": {"value": 0, "section": "info", "type": "number", "local": true, "hidden": true, "parent": "hit-points"}, "armor-class": {"value": 6, "section": "info", "type": "number"}, "roll-hp": {"value": "8d10 + 40", "section": "info", "type": "text", "roll": "{roll-hp = 8d10 + 40} {hit-points-maximum = roll-hp} {hit-points = hit-points-maximum} !h"}, "size": {"value": "Large", "section": "info", "type": "text"}, "monster-type": {"value": "ooze", "section": "info", "type": "text"}, "alignment": {"value": "unaligned", "section": "info", "type": "text"}, "walk-speed": {"value": 15, "section": "info", "type": "number"}, "proficiency": {"value": 2, "expression": "2+floor(level/4)", "section": "info", "type": "number"}, "initiative": {"value": -4, "section": "info", "type": "number", "roll": "!r initiative = 1d20 + initiative !h"}}, "info": {"description": "<p>Gelatinous Cube</p>", "notes": "<p><b>Senses:</b> blindsight 60 ft. (blind beyond this radius), passive Perception 8</p><p><b>Languages:</b> -</p><p><b>CR:</b> 2</p><p><b>Ooze Cube:</b> The cube takes up its entire space. Other creatures can enter the space, but a creature that does so is subjected to the cube's Engulf and has disadvantage on the saving throw. Creatures inside the cube can be seen but have total cover. A creature within 5 feet of the cube can take an action to pull a creature or object out of the cube. Doing so requires a successful DC 12 Strength check, and the creature making the attempt takes 10 (3d6) acid damage. The cube can hold only one Large creature or up to four Medium or smaller creatures inside it at a time. </p><p><b>Transparent:</b> Even when the cube is in plain sight, it takes a successful DC 15 Wisdom (Perception) check to spot a cube that has neither moved nor attacked. A creature that tries to enter the cube's space while unaware of the cube is surprised by the cube. </p><p><b>Condition Immunities:</b> blinded, charmed, deafened, exhaustion, frightened, prone</p>", "sections": [{"name": "abilities", "position": "left", "tab": 1}, {"name": "info", "position": "left", "tab": 1}, {"name": "details", "position": "left", "tab": 3}, {"name": "saving-throws", "position": "right", "tab": 2}, {"name": "senses", "position": "right", "tab": 2}, {"name": "skills", "position": "right", "tab": 2}, {"name": "actions", "position": "bottom", "tab": 4, "savedMessages": true}, {"name": "spells", "position": "bottom", "tab": 4, "savedMessages": true}]}, "appearances": ["https://5e.tools/img/MM/Gelatinous%20Cube.png"], "savedMessages": [{"name": "Pseudopod", "section": "actions", "message": "Pseudopod:\nMelee Weapon Attack: {1d20 +4} to hit, reach 5 ft., one creature. 10 (or {3d6}) acid damage. !h"}, {"name": "Engulf", "section": "actions", "message": "Engulf:\nThe cube moves up to its speed. While doing so, it can enter Large or smaller creatures' spaces. Whenever the cube enters a creature's space, the creature must make a DC 12 Dexterity saving throw. On a successful save, the creature can choose to be pushed 5 feet back or to the side of the cube. A creature that chooses not to be pushed suffers the consequences of a failed saving throw. On a failed save, the cube enters the creature's space, and the creature takes 10 (or {3d6}) acid damage and is engulfed. The engulfed creature can't breathe, is restrained, and takes 21 (or {6d6}) acid damage at the start of each of the cube's turns. When the cube moves, the engulfed creature moves with it. An engulfed creature can try to escape by taking an action to make a DC 12 Strength check. On a success, the creature escapes and enters a space of its choice within 5 feet of the cube. !h"}]}